"1","-32.960999999999999","0"
"2","-32.893013013013011","0.00014524402709415726"
"3","-32.825026026026023","0.00014726160289685517"
"4","-32.757039039039036","0.00014930456527656536"
"5","-32.689052052052048","0.0001513731868128301"
"6","-32.621065065065061","0.00015346773974426577"
"7","-32.553078078078073","0.00015558849582792051"
"8","-32.485091091091093","0.00015773572619593544"
"9","-32.417104104104105","0.00015990970120967915"
"10","-32.349117117117117","0.00016211069031107426"
"11","-32.28113013013013","0.00016433896187175671"
"12","-32.213143143143142","0.00016659478303955697"
"13","-32.145156156156155","0.00016887841958272183"
"14","-32.077169169169167","0.0001711901357318318"
"15","-32.00918218218218","0.00017353019401950836"
"16","-31.941195195195192","0.00017589885511799089"
"17","-31.873208208208208","0.000178296377674648"
"18","-31.80522122122122","0.00018072301814558457"
"19","-31.737234234234233","0.00018317903062722073"
"20","-31.669247247247245","0.00018566466668627174"
"21","-31.601260260260258","0.00018818017518788257"
"22","-31.533273273273274","0.00019072580212220518"
"23","-31.465286286286286","0.00019330179042951429"
"24","-31.397299299299299","0.00019590837982376175"
"25","-31.329312312312311","0.00019854580661502039"
"26","-31.261325325325323","0.00020121430353057032"
"27","-31.193338338338336","0.00020391409953494195"
"28","-31.125351351351352","0.000206645419648945"
"29","-31.057364364364364","0.00020940848476787492"
"30","-30.989377377377377","0.00021220351147878497"
"31","-30.921390390390389","0.00021503071187731272"
"32","-30.853403403403401","0.00021789029338379872"
"33","-30.785416416416414","0.00022078245855904291"
"34","-30.71742942942943","0.00022370740491972686"
"35","-30.649442442442442","0.00022666532475371985"
"36","-30.581455455455455","0.0002296564049351367"
"37","-30.513468468468467","0.00023268082673969014"
"38","-30.44548148148148","0.00023573876566004644"
"39","-30.377494494494492","0.00023883039122155601"
"40","-30.309507507507504","0.00024195586679840857"
"41","-30.24152052052052","0.00024511534943033592"
"42","-30.173533533533533","0.00024830898964008449"
"43","-30.105546546546545","0.0002515369312515164"
"44","-30.037559559559558","0.00025479931120892251"
"45","-29.96957257257257","0.00025809625939722714"
"46","-29.901585585585586","0.0002614278984634762"
"47","-29.833598598598599","0.00026479434363974708"
"48","-29.765611611611611","0.00026819570256733947"
"49","-29.697624624624623","0.00027163207512286187"
"50","-29.629637637637636","0.0002751035532458697"
"51","-29.561650650650648","0.00027861022076847787"
"52","-29.493663663663664","0.00028215215324697038"
"53","-29.425676676676677","0.00028572941779566783"
"54","-29.357689689689689","0.00028934207292286376"
"55","-29.289702702702701","0.00029299016836950088"
"56","-29.221715715715714","0.00029667374495019079"
"57","-29.153728728728726","0.00030039283439702941"
"58","-29.085741741741742","0.0003041474592062267"
"59","-29.017754754754755","0.00030793763248780268"
"60","-28.949767767767767","0.00031176335781815797"
"61","-28.88178078078078","0.00031562462909620707"
"62","-28.813793793793792","0.00031952143040264784"
"63","-28.745806806806804","0.00032345373586283835"
"64","-28.677819819819817","0.00032742150951329478"
"65","-28.609832832832833","0.00033142470517194555"
"66","-28.541845845845845","0.00033546326631238852"
"67","-28.473858858858858","0.00033953712594191705"
"68","-28.40587187187187","0.00034364620648404744"
"69","-28.337884884884886","0.00034779041966505038"
"70","-28.269897897897899","0.00035196966640510096"
"71","-28.201910910910911","0.00035618383671366622"
"72","-28.133923923923923","0.00036043280958990482"
"73","-28.065936936936936","0.0003647164529275684"
"74","-27.997949949949948","0.00036903462342489257"
"75","-27.929962962962961","0.00037338716649947771"
"76","-27.861975975975973","0.0003777739162082838"
"77","-27.793988988988989","0.00038219469517283854"
"78","-27.726002002002001","0.00038664931450990274"
"79","-27.658015015015014","0.00039113757376728141"
"80","-27.590028028028026","0.00039565926086559153"
"81","-27.522041041041042","0.00040021415204536211"
"82","-27.454054054054055","0.00040480201182013982"
"83","-27.386067067067067","0.00040942259293511344"
"84","-27.31808008008008","0.00041407563633210845"
"85","-27.250093093093092","0.00041876087112031256"
"86","-27.182106106106104","0.00042347801455326205"
"87","-27.114119119119117","0.0004282267720120266"
"88","-27.046132132132129","0.00043300683699470108"
"89","-26.978145145145145","0.00043781789111226358"
"90","-26.910158158158158","0.00044265960409103618"
"91","-26.84217117117117","0.0004475316337813419"
"92","-26.774184184184183","0.00045243362617323335"
"93","-26.706197197197199","0.00045736521541854059"
"94","-26.638210210210211","0.00046232602385993962"
"95","-26.570223223223223","0.00046731566206645054"
"96","-26.502236236236236","0.00047233372887628536"
"97","-26.434249249249248","0.00047737981144625237"
"98","-26.366262262262261","0.00048245348530828042"
"99","-26.298275275275273","0.00048755431443293814"
"100","-26.230288288288289","0.00049268185129998745"
"101","-26.162301301301301","0.0004978356369761981"
"102","-26.094314314314314","0.0005030152011999084"
"103","-26.026327327327326","0.00050822006247327328"
"104","-25.958340340340339","0.00051344972816132076"
"105","-25.890353353353355","0.00051870369459835152"
"106","-25.822366366366367","0.0005239814472017179"
"107","-25.75437937937938","0.00052928246059244196"
"108","-25.686392392392392","0.0005346061987236407"
"109","-25.618405405405404","0.00053995211501581156"
"110","-25.550418418418417","0.0005453196524995449"
"111","-25.482431431431429","0.00055070824396547934"
"112","-25.414444444444445","0.00055611731212147479"
"113","-25.346457457457458","0.0005615462697572157"
"114","-25.27847047047047","0.00056699451991559162"
"115","-25.210483483483483","0.00057246145607186432"
"116","-25.142496496496495","0.00057794646231958092"
"117","-25.074509509509511","0.00058344891356376639"
"118","-25.006522522522523","0.00058896817572137792"
"119","-24.938535535535536","0.00059450360592836968"
"120","-24.870548548548548","0.00060005455275437432"
"121","-24.802561561561561","0.00060562035642390414"
"122","-24.734574574574573","0.00061120034904462881"
"123","-24.666587587587586","0.00061679385484247732"
"124","-24.598600600600598","0.00062240019040350823"
"125","-24.530613613613614","0.00062801866492245752"
"126","-24.462626626626626","0.00063364858045810303"
"127","-24.394639639639639","0.00063928923219468321"
"128","-24.326652652652655","0.00064493990871038523"
"129","-24.258665665665667","0.00065059989225191067"
"130","-24.19067867867868","0.00065626845901498477"
"131","-24.122691691691692","0.00066194487943166522"
"132","-24.054704704704704","0.00066762841846319061"
"133","-23.986717717717717","0.00067331833589896013"
"134","-23.918730730730729","0.000679013886661289"
"135","-23.850743743743742","0.00068471432111584399"
"136","-23.782756756756754","0.00069041888538763543"
"137","-23.71476976976977","0.00069612682168238038"
"138","-23.646782782782783","0.00070183736861336647"
"139","-23.578795795795795","0.0007075497615328843"
"140","-23.510808808808811","0.00071326323286932951"
"141","-23.442821821821823","0.00071897701246879822"
"142","-23.374834834834836","0.00072469032794098367"
"143","-23.306847847847848","0.00073040240501027977"
"144","-23.238860860860861","0.00073611246787062302"
"145","-23.170873873873873","0.00074181973954469123"
"146","-23.102886886886886","0.00074752344224701878"
"147","-23.034899899899898","0.0007532227977508606"
"148","-22.96691291291291","0.00075891702775863069"
"149","-22.898925925925926","0.00076460535427565917"
"150","-22.830938938938939","0.00077028699998735715"
"151","-22.762951951951951","0.00077596118863873596"
"152","-22.694964964964967","0.00078162714541742313"
"153","-22.62697797797798","0.00078728409733885504"
"154","-22.558990990990992","0.00079293127363339543"
"155","-22.491004004004004","0.00079856790613630859"
"156","-22.423017017017017","0.0008041932296789649"
"157","-22.355030030030029","0.00080980648248190549"
"158","-22.287043043043042","0.00081540690654923528"
"159","-22.219056056056054","0.00082099374806414742"
"160","-22.151069069069067","0.00082656625778533132"
"161","-22.083082082082083","0.00083212369144396604"
"162","-22.015095095095095","0.00083766531014135782"
"163","-21.947108108108107","0.00084319038074604522"
"164","-21.879121121121123","0.00084869817629158436"
"165","-21.811134134134136","0.00085418797637355499"
"166","-21.743147147147148","0.00085965906754548183"
"167","-21.675160160160161","0.00086511074371466243"
"168","-21.607173173173173","0.00087054230653612057"
"169","-21.539186186186186","0.0008759530658053313"
"170","-21.471199199199198","0.00088134233984914407"
"171","-21.40321221221221","0.00088670945591465212"
"172","-21.335225225225223","0.00089205375055574903"
"173","-21.267238238238239","0.00089737457001701389"
"174","-21.199251251251251","0.00090267127061499847"
"175","-21.131264264264264","0.00090794321911561772"
"176","-21.06327727727728","0.0009131897931089776"
"177","-20.995290290290292","0.00091841038138001777"
"178","-20.927303303303304","0.00092360438427468094"
"179","-20.859316316316317","0.00092877121406265801"
"180","-20.791329329329329","0.00093391029529478974"
"181","-20.723342342342342","0.00093902106515584302"
"182","-20.655355355355354","0.00094410297381203768"
"183","-20.587368368368367","0.00094915548475307777"
"184","-20.519381381381379","0.00095417807512840607"
"185","-20.451394394394395","0.00095917023607733571"
"186","-20.383407407407407","0.00096413147305313292"
"187","-20.31542042042042","0.00096906130613970127"
"188","-20.247433433433436","0.00097395927036229791"
"189","-20.179446446446448","0.00097882491599060205"
"190","-20.111459459459461","0.00098365780883382173"
"191","-20.043472472472473","0.0009884575305290277"
"192","-19.975485485485486","0.00099322367882067101"
"193","-19.907498498498498","0.00099795586783210611"
"194","-19.83951151151151","0.0010026537283284878"
"195","-19.771524524524523","0.0010073169079708279"
"196","-19.703537537537539","0.0010119450715608974"
"197","-19.635550550550551","0.0010165379012770902"
"198","-19.567563563563564","0.0010210950968998836"
"199","-19.49957657657658","0.001025616376028446"
"200","-19.431589589589592","0.0010301014742866699"
"201","-19.363602602602604","0.0010345501455183822"
"202","-19.295615615615617","0.001038962161973003"
"203","-19.227628628628629","0.0010433373144795996"
"204","-19.159641641641642","0.0010476754126102473"
"205","-19.091654654654654","0.0010519762848320985"
"206","-19.023667667667667","0.0010562397786480155"
"207","-18.955680680680679","0.0010604657607255537"
"208","-18.887693693693695","0.0010646541170140585"
"209","-18.819706706706707","0.0010688047528500646"
"210","-18.75171971971972","0.0010729175930496559"
"211","-18.683732732732736","0.0010769925819895082"
"212","-18.615745745745748","0.0010810296836748917"
"213","-18.547758758758761","0.0010850288817944637"
"214","-18.479771771771773","0.001088990179763288"
"215","-18.411784784784786","0.0010929136007520269"
"216","-18.343797797797798","0.0010967991877033534"
"217","-18.27581081081081","0.0011006470033350754"
"218","-18.207823823823823","0.0011044571301299137"
"219","-18.139836836836835","0.0011082296703118285"
"220","-18.071849849849851","0.0011119647458087507"
"221","-18.003862862862864","0.0011156624982020392"
"222","-17.935875875875876","0.0011193230886613638"
"223","-17.867888888888892","0.0011229466978669505"
"224","-17.799901901901904","0.0011265335259174807"
"225","-17.731914914914917","0.0011300837922236251"
"226","-17.663927927927929","0.0011335977353888011"
"227","-17.595940940940942","0.0011370756130751653"
"228","-17.527953953953954","0.0011405177018560413"
"229","-17.459966966966967","0.001143924297054391"
"230","-17.391979979979979","0.0011472957125674"
"231","-17.323992992992991","0.0011506322806771911"
"232","-17.256006006006007","0.0011539343518476694"
"233","-17.18801901901902","0.0011572022945079373"
"234","-17.120032032032032","0.0011604364948210994"
"235","-17.052045045045048","0.0011636373564405697"
"236","-16.984058058058061","0.0011668053002522806"
"237","-16.916071071071073","0.0011699407641028814"
"238","-16.848084084084086","0.001173044202515736"
"239","-16.780097097097098","0.0011761160863927827"
"240","-16.71211011011011","0.001179156902703649"
"241","-16.644123123123123","0.0011821671541617604"
"242","-16.576136136136135","0.0011851473588876324"
"243","-16.508149149149151","0.0011880980500594844"
"244","-16.440162162162164","0.0011910197755517602"
"245","-16.372175175175176","0.0011939130975604602"
"246","-16.304188188188188","0.0011967785922176539"
"247","-16.236201201201201","0.001199616849193225"
"248","-16.168214214214213","0.0012024284712853534"
"249","-16.100227227227229","0.0012052140739995147"
"250","-16.032240240240242","0.0012079742851167127"
"251","-15.964253253253254","0.0012107097442498999"
"252","-15.896266266266267","0.0012134211023910591"
"253","-15.828279279279279","0.0012161090214470329"
"254","-15.760292292292291","0.0012187741737656945"
"255","-15.692305305305307","0.0012214172416522861"
"256","-15.62431831831832","0.0012240389168767273"
"257","-15.556331331331332","0.0012266399001708958"
"258","-15.488344344344345","0.001229220900718435"
"259","-15.420357357357357","0.0012317826356352049"
"260","-15.352370370370373","0.0012343258294420067"
"261","-15.284383383383386","0.0012368512135299515"
"262","-15.216396396396398","0.0012393595256175467"
"263","-15.14840940940941","0.0012418515092021483"
"264","-15.080422422422423","0.0012443279130039077"
"265","-15.012435435435435","0.0012467894904039625"
"266","-14.944448448448451","0.0012492369988767672"
"267","-14.876461461461464","0.0012516711994174908"
"268","-14.808474474474476","0.001254092855963539"
"269","-14.740487487487488","0.0012565027348129128"
"270","-14.672500500500501","0.0012589016040375424"
"271","-14.604513513513513","0.0012612902328934259"
"272","-14.536526526526529","0.0012636693912274808"
"273","-14.468539539539542","0.001266039848882097"
"274","-14.400552552552554","0.001268402375096457"
"275","-14.332565565565567","0.0012707577379074051"
"276","-14.264578578578579","0.0012731067035479996"
"277","-14.196591591591591","0.0012754500358456403"
"278","-14.128604604604607","0.0012777884956196781"
"279","-14.06061761761762","0.0012801228400795455"
"280","-13.992630630630632","0.0012824538222224692"
"281","-13.924643643643645","0.0012847821902335929"
"282","-13.856656656656657","0.001287108686886654"
"283","-13.78866966966967","0.0012894340489471008"
"284","-13.720682682682686","0.0012917590065775998"
"285","-13.652695695695698","0.0012940842827469624"
"286","-13.58470870870871","0.0012964105926415719"
"287","-13.516721721721723","0.0012987386430821223"
"288","-13.448734734734735","0.0013010691319438408"
"289","-13.380747747747748","0.0013034027475820602"
"290","-13.312760760760764","0.0013057401682630969"
"291","-13.244773773773776","0.001308082061601458"
"292","-13.176786786786788","0.0013104290840024201"
"293","-13.108799799799801","0.0013127818801128494"
"294","-13.040812812812813","0.0013151410822783327"
"295","-12.972825825825826","0.0013175073100085272"
"296","-12.904838838838842","0.0013198811694506525"
"297","-12.836851851851854","0.0013222632528721121"
"298","-12.768864864864867","0.0013246541381512654"
"299","-12.700877877877879","0.001327054388279204"
"300","-12.632890890890891","0.0013294645508705541"
"301","-12.564903903903904","0.0013318851576851912"
"302","-12.49691691691692","0.0013343167241607354"
"303","-12.428929929929932","0.0013367597489568077"
"304","-12.360942942942945","0.0013392147135099822"
"305","-12.292955955955957","0.0013416820816022849"
"306","-12.22496896896897","0.0013441622989411848"
"307","-12.156981981981982","0.0013466557927529284"
"308","-12.088994994994998","0.0013491629713890275"
"309","-12.02100800800801","0.0013516842239468256"
"310","-11.953021021021023","0.0013542199199030125"
"311","-11.885034034034035","0.0013567704087629072"
"312","-11.817047047047048","0.0013593360197233541"
"313","-11.74906006006006","0.0013619170613510382"
"314","-11.681073073073076","0.001364513821275963"
"315","-11.613086086086088","0.0013671265659009502"
"316","-11.545099099099101","0.001369755540125944"
"317","-11.477112112112113","0.0013724009670898825"
"318","-11.409125125125126","0.001375063047927897"
"319","-11.341138138138138","0.0013777419615455752"
"320","-11.273151151151154","0.0013804378644099423"
"321","-11.205164164164167","0.0013831508903579535"
"322","-11.137177177177179","0.0013858811504211725"
"323","-11.069190190190191","0.0013886287326693486"
"324","-11.001203203203204","0.0013913937020705379"
"325","-10.933216216216216","0.0013941761003694335"
"326","-10.865229229229232","0.0013969759459834588"
"327","-10.797242242242245","0.0013997932339173454"
"328","-10.729255255255257","0.0014026279356947481"
"329","-10.66126826826827","0.0014054799993095564"
"330","-10.593281281281282","0.0014083493491944259"
"331","-10.525294294294294","0.0014112358862081009"
"332","-10.45730730730731","0.0014141394876410085"
"333","-10.389320320320323","0.0014170600072397278"
"334","-10.321333333333335","0.0014199972752487961"
"335","-10.253346346346348","0.0014229510984724275"
"336","-10.18535935935936","0.0014259212603535416"
"337","-10.117372372372373","0.0014289075210716091"
"338","-10.049385385385389","0.0014319096176586706"
"339","-9.9813983983984009","0.0014349272641340479"
"340","-9.9134114114114134","0.0014379601516560903"
"341","-9.8454244244244258","0.001441007948693476"
"342","-9.7774374374374382","0.0014440703012133195"
"343","-9.7094504504504506","0.0014471468328875231"
"344","-9.6414634634634666","0.0014502371453166132"
"345","-9.573476476476479","0.001453340818271512"
"346","-9.5054894894894915","0.0014564574099514499"
"347","-9.4375025025025039","0.0014595864572604787"
"348","-9.3695155155155163","0.0014627274760997207"
"349","-9.3015285285285287","0.0014658799616767027"
"350","-9.2335415415415447","0.0014690433888309225"
"351","-9.1655545545545571","0.0014722172123760211"
"352","-9.0975675675675696","0.001475400867456621"
"353","-9.029580580580582","0.0014785937699222874"
"354","-8.9615935935935944","0.0014817953167155765"
"355","-8.8936066066066068","0.0014850048862754812"
"356","-8.8256196196196228","0.0014882218389553213"
"357","-8.7576326326326353","0.0014914455174553608"
"358","-8.6896456456456477","0.0014946752472681435"
"359","-8.6216586586586601","0.0014979103371389191"
"360","-8.5536716716716725","0.0015011500795380412"
"361","-8.485684684684685","0.0015043937511465661"
"362","-8.4176976976977009","0.0015076406133540453"
"363","-8.3497107107107134","0.0015108899127687016"
"364","-8.2817237237237258","0.0015141408817379138"
"365","-8.2137367367367382","0.00151739273888133"
"366","-8.1457497497497506","0.0015206446896333947"
"367","-8.0777627627627631","0.0015238959267964943"
"368","-8.009775775775779","0.0015271456311036174"
"369","-7.9417887887887915","0.001530392971790693"
"370","-7.8738018018018039","0.0015336371071764372"
"371","-7.8058148148148163","0.0015368771852520328"
"372","-7.7378278278278287","0.0015401123442773139"
"373","-7.6698408408408412","0.0015433417133846651"
"374","-7.6018538538538571","0.0015465644131894571"
"375","-7.5338668668668696","0.0015497795564071472"
"376","-7.465879879879882","0.0015529862484748515"
"377","-7.3978928928928944","0.0015561835881796489"
"378","-7.3299059059059068","0.0015593706682903005"
"379","-7.2619189189189193","0.0015625465761935115"
"380","-7.1939319319319353","0.0015657103945335758"
"381","-7.1259449449449477","0.0015688612018554939"
"382","-7.0579579579579601","0.0015719980732493322"
"383","-6.9899709709709725","0.0015751200809981168"
"384","-6.921983983983985","0.0015782262952258638"
"385","-6.8539969969969974","0.0015813157845469298"
"386","-6.7860100100100134","0.0015843876167154678"
"387","-6.7180230230230258","0.0015874408592751145"
"388","-6.6500360360360382","0.0015904745802066227"
"389","-6.5820490490490506","0.0015934878485758053"
"390","-6.5140620620620631","0.001596479735178346"
"391","-6.446075075075079","0.0015994493131825983"
"392","-6.3780880880880915","0.0016023956587698468"
"393","-6.3101011011011039","0.0016053178517698404"
"394","-6.2421141141141163","0.0016082149762939822"
"395","-6.1741271271271287","0.0016110861213627407"
"396","-6.1061401401401412","0.0016139303815285312"
"397","-6.0381531531531571","0.0016167468574928799"
"398","-5.9701661661661696","0.0016195346567180505"
"399","-5.902179179179182","0.0016222928940308665"
"400","-5.8341921921921944","0.0016250206922211914"
"401","-5.7662052052052069","0.0016277171826316549"
"402","-5.6982182182182193","0.0016303815057398907"
"403","-5.6302312312312353","0.0016330128117321898"
"404","-5.5622442442442477","0.0016356102610687647"
"405","-5.4942572572572601","0.0016381730250384237"
"406","-5.4262702702702725","0.0016407002863051661"
"407","-5.358283283283285","0.0016431912394433389"
"408","-5.2902962962962974","0.0016456450914626968"
"409","-5.2223093093093134","0.0016480610623223054"
"410","-5.1543223223223258","0.0016504383854335776"
"411","-5.0863353353353382","0.0016527763081502572"
"412","-5.0183483483483506","0.0016550740922480097"
"413","-4.9503613613613631","0.0016573310143902446"
"414","-4.8823743743743755","0.0016595463665816431"
"415","-4.8143873873873915","0.0016617194566083755"
"416","-4.7464004004004039","0.0016638496084653933"
"417","-4.6784134134134163","0.001665936162768669"
"418","-4.6104264264264287","0.0016679784771551425"
"419","-4.5424394394394412","0.0016699759266670608"
"420","-4.4744524524524536","0.0016719279041222876"
"421","-4.4064654654654696","0.0016738338204696295"
"422","-4.338478478478482","0.0016756931051296754"
"423","-4.2704914914914944","0.0016775052063190742"
"424","-4.2025045045045069","0.0016792695913611332"
"425","-4.1345175175175193","0.0016809857469794946"
"426","-4.0665305305305317","0.0016826531795765495"
"427","-3.9985435435435477","0.0016842714154957428"
"428","-3.9305565565565601","0.0016858400012683501"
"429","-3.8625695695695725","0.0016873585038427303"
"430","-3.794582582582585","0.0016888265107990678"
"431","-3.7265955955955974","0.0016902436305463921"
"432","-3.6586086086086098","0.0016916094925036906"
"433","-3.5906216216216258","0.0016929237472643203"
"434","-3.5226346346346382","0.0016941860667444046"
"435","-3.4546476476476506","0.0016953961443133157"
"436","-3.3866606606606631","0.0016965536949093414"
"437","-3.3186736736736755","0.0016976584551374328"
"438","-3.2506866866866879","0.0016987101833509074"
"439","-3.1826996996997039","0.0016997086597164526"
"440","-3.1147127127127163","0.001700653686263166"
"441","-3.0467257257257288","0.0017015450869138414"
"442","-2.9787387387387412","0.0017023827075016863"
"443","-2.9107517517517536","0.0017031664157694647"
"444","-2.842764764764766","0.0017038961013530161"
"445","-2.774777777777782","0.0017045716757485777"
"446","-2.7067907907907944","0.0017051930722647545"
"447","-2.6388038038038069","0.0017057602459574176"
"448","-2.5708168168168193","0.0017062731735507891"
"449","-2.5028298298298317","0.0017067318533418065"
"450","-2.4348428428428441","0.0017071363050897982"
"451","-2.3668558558558601","0.0017074865698909608"
"452","-2.2988688688688725","0.0017077827100385775"
"453","-2.230881881881885","0.0017080248088673121"
"454","-2.1628948948948974","0.0017082129705849435"
"455","-2.0949079079079098","0.0017083473200886767"
"456","-2.0269209209209222","0.0017084280027681365"
"457","-1.9589339339339382","0.0017084551842946217"
"458","-1.8909469469469506","0.0017084290503975984"
"459","-1.8229599599599631","0.0017083498066268528"
"460","-1.7549729729729755","0.0017082176781037294"
"461","-1.6869859859859879","0.0017080329092586174"
"462","-1.6189989989990003","0.0017077957635569033"
"463","-1.5510120120120163","0.0017075065232129781"
"464","-1.4830250250250288","0.0017071654888933428"
"465","-1.4150380380380412","0.0017067729794073092"
"466","-1.3470510510510536","0.0017063293313887115"
"467","-1.279064064064066","0.0017058348989659037"
"468","-1.2110770770770785","0.0017052900534222587"
"469","-1.1430900900900944","0.0017046951828468113"
"470","-1.0751031031031069","0.0017040506917761376"
"471","-1.0071161161161193","0.0017033570008259749"
"472","-0.93912912912913526","0.0017026145463159786"
"473","-0.87114214214214769","0.0017018237798855198"
"474","-0.80315515515516012","0.0017009851681008918"
"475","-0.73516816816817254","0.0017000991920568271"
"476","-0.66718118118118497","0.0016991663469696724"
"477","-0.59919419419419739","0.0016981871417644956"
"478","-0.53120720720720982","0.0016971620986558961"
"479","-0.46322022022022225","0.0016960917527229949"
"480","-0.39523323323323467","0.0016949766514790235"
"481","-0.3272462462462471","0.0016938173544358843"
"482","-0.25925925925925952","0.0016926144326640988"
"483","-0.19127227227227195","0.0016913684683485428"
"484","-0.12328528528529148","0.0016900800543401748"
"485","-0.055298298298303905","0.0016887497937054055"
"486","0.012688688688683669","0.0016873782992697895"
"487","0.080675675675671243","0.0016859661931626099"
"488","0.14866266266265882","0.0016845141063565716"
"489","0.21664964964964639","0.0016830226782067017"
"490","0.28463663663663397","0.0016814925559875899"
"491","0.35262362362362154","0.0016799243944295556"
"492","0.42061061061060911","0.0016783188552540902"
"493","0.48859759759759669","0.0016766766067089767"
"494","0.55658458458458426","0.0016749983231034256"
"495","0.62457157157157184","0.0016732846843436307"
"496","0.69255855855855231","0.0016715363754688875"
"497","0.76054554554553988","0.0016697540861898845"
"498","0.82853253253252745","0.0016679385104258384"
"499","0.89651951951951503","0.0016660903458469243"
"500","0.9645065065065026","0.0016642102934162327"
"501","1.0324934934934902","0.0016622990569352396"
"502","1.1004804804804778","0.0016603573425919167"
"503","1.1684674674674653","0.0016583858585119415"
"504","1.2364544544544529","0.0016563853143133358"
"505","1.3044414414414405","0.0016543564206648483"
"506","1.372428428428428","0.0016522998888483338"
"507","1.4404154154154156","0.0016502164303254709"
"508","1.5084024024023961","0.0016481067563088763"
"509","1.5763893893893837","0.0016459715773391329"
"510","1.6443763763763712","0.0016438116028643503"
"511","1.7123633633633588","0.0016416275408285518"
"512","1.7803503503503464","0.0016394200972631118"
"513","1.848337337337334","0.0016371899758850907"
"514","1.9163243243243215","0.0016349378777014872"
"515","1.9843113113113091","0.0016326645006198139"
"516","2.0522982982982967","0.0016303705390652023"
"517","2.1202852852852843","0.0016280566836042296"
"518","2.1882722722722718","0.0016257236205756813"
"519","2.2562592592592523","0.0016233720317282477"
"520","2.3242462462462399","0.0016210025938665257"
"521","2.3922332332332275","0.0016186159785019356"
"522","2.460220220220215","0.0016162128515146209"
"523","2.5282072072072026","0.0016137938728205943"
"524","2.5961941941941902","0.0016113596960477697"
"525","2.6641811811811777","0.0016089109682198802"
"526","2.7321681681681653","0.0016064483294485276"
"527","2.8001551551551529","0.0016039724126335065"
"528","2.8681421421421405","0.0016014838431715024"
"529","2.936129129129128","0.0015989832386732355"
"530","3.0041161161161156","0.001596471208689172"
"531","3.0721031031030961","0.0015939483544436888"
"532","3.1400900900900837","0.0015914152685789329"
"533","3.2080770770770712","0.0015888725349049451"
"534","3.2760640640640588","0.0015863207281619203"
"535","3.3440510510510464","0.0015837604137888194"
"536","3.412038038038034","0.0015811921477018891"
"537","3.4800250250250215","0.0015786164760819028"
"538","3.5480120120120091","0.0015760339351703692"
"539","3.6159989989989967","0.0015734450510746702"
"540","3.6839859859859843","0.0015708503395821711"
"541","3.7519729729729718","0.0015682503059832654"
"542","3.8199599599599594","0.0015656454449033792"
"543","3.8879469469469399","0.0015630362401437337"
"544","3.9559339339339274","0.0015604231645319809"
"545","4.023920920920915","0.0015578066797792786"
"546","4.0919079079079026","0.001555187236349456"
"547","4.1598948948948902","0.0015525652733345257"
"548","4.2278818818818777","0.0015499412183399165"
"549","4.2958688688688653","0.001547315487378234"
"550","4.3638558558558529","0.0015446884847716441"
"551","4.4318428428428405","0.001542060603062825"
"552","4.499829829829828","0.0015394322229343874"
"553","4.5678168168168156","0.0015368037131367307"
"554","4.6358038038038032","0.0015341754304242076"
"555","4.7037907907907837","0.0015315477194993807"
"556","4.7717777777777712","0.0015289209129663785"
"557","4.8397647647647588","0.00152629533128992"
"558","4.9077517517517464","0.001523671282765478"
"559","4.975738738738734","0.0015210490634948971"
"560","5.0437257257257215","0.0015184289573707118"
"561","5.1117127127127091","0.0015158112360679366"
"562","5.1796996996996967","0.0015131961590433703"
"563","5.2476866866866843","0.0015105839735422874"
"564","5.3156736736736718","0.001507974914612413"
"565","5.3836606606606594","0.0015053692051250538"
"566","5.451647647647647","0.001502767055803235"
"567","5.5196346346346274","0.0015001686652565936"
"568","5.587621621621615","0.0014975742200239667"
"569","5.6556086086086026","0.0014949838946202547"
"570","5.7235955955955902","0.0014923978515929295"
"571","5.7915825825825777","0.0014898162415825282"
"572","5.8595695695695653","0.0014872392033903252"
"573","5.9275565565565529","0.0014846668640519124"
"574","5.9955435435435405","0.0014820993389167228"
"575","6.063530530530528","0.0014795367317333506"
"576","6.1315175175175156","0.0014769791347405169"
"577","6.1995045045045032","0.0014744266287635504"
"578","6.2674914914914908","0.0014718792833162207"
"579","6.3354784784784712","0.0014693371567076471"
"580","6.4034654654654588","0.0014668002961551886"
"581","6.4714524524524464","0.0014642687378999687"
"582","6.539439439439434","0.0014617425073302364"
"583","6.6074264264264215","0.001459221619107075"
"584","6.6754134134134091","0.0014567060772955034"
"585","6.7434004004003967","0.00145419587549978"
"586","6.8113873873873843","0.0014516909970028924"
"587","6.8793743743743718","0.0014491914149101085"
"588","6.9473613613613594","0.0014466970922964349"
"589","7.015348348348347","0.001444207982357831"
"590","7.0833353353353345","0.0014417240285660526"
"591","7.151322322322315","0.0014392451648268334"
"592","7.2193093093093026","0.0014367713156422852"
"593","7.2872962962962902","0.001434302396274257"
"594","7.3552832832832777","0.0014318383129137636"
"595","7.4232702702702653","0.0014293789628510663"
"596","7.4912572572572529","0.0014269242346494548"
"597","7.5592442442442405","0.0014244740083215136"
"598","7.627231231231228","0.0014220281555079168"
"599","7.6952182182182156","0.0014195865396585928"
"600","7.7632052052052032","0.0014171490162161492"
"601","7.8311921921921908","0.0014147154328014045"
"602","7.8991791791791783","0.0014122856294009297"
"603","7.9671661661661588","0.0014098594385562849"
"604","8.0351531531531464","0.0014074366855558872"
"605","8.103140140140134","0.0014050171886262938"
"606","8.1711271271271215","0.0014026007591278985"
"607","8.2391141141141091","0.0014001872017498113"
"608","8.3071011011010967","0.0013977763147068527"
"609","8.3750880880880842","0.0013953678899375505"
"610","8.4430750750750718","0.0013929617133031417"
"611","8.5110620620620594","0.0013905575647874774"
"612","8.579049049049047","0.0013881552186977228"
"613","8.6470360360360345","0.0013857544438657305"
"614","8.7150230230230221","0.0013833550038499754"
"615","8.7830100100100026","0.0013809566571378205"
"616","8.8509969969969902","0.0013785591573489938"
"617","8.9189839839839777","0.0013761622534371432"
"618","8.9869709709709653","0.0013737656898944435"
"619","9.0549579579579529","0.0013713692069540608"
"620","9.1229449449449405","0.0013689725407934534"
"621","9.190931931931928","0.0013665754237373563"
"622","9.2589189189189156","0.0013641775844605273"
"623","9.3269059059059032","0.0013617787481901556"
"624","9.3948928928928908","0.0013593786369078247"
"625","9.4628798798798783","0.0013569769695509569"
"626","9.5308668668668659","0.0013545734622136434"
"627","9.5988538538538464","0.0013521678283466233"
"628","9.6668408408408339","0.0013497597789573241"
"629","9.7348278278278215","0.0013473490228069157"
"630","9.8028148148148091","0.0013449352666092213"
"631","9.8708018018017967","0.0013425182152264818"
"632","9.9387887887887842","0.0013400975718648441"
"633","10.006775775775772","0.0013376730382685172"
"634","10.074762762762759","0.0013352443149126463"
"635","10.142749749749747","0.0013328111011948591"
"636","10.210736736736735","0.0013303730956253676"
"637","10.278723723723722","0.0013279299960156045"
"638","10.34671071071071","0.0013254814996652771"
"639","10.41469769769769","0.0013230273035476599"
"640","10.482684684684678","0.001320567104494029"
"641","10.550671671671665","0.0013181005993742471"
"642","10.618658658658653","0.0013156274852782982"
"643","10.68664564564564","0.0013131474596938578"
"644","10.754632632632628","0.0013106602206827465"
"645","10.822619619619616","0.0013081654670552357"
"646","10.890606606606603","0.0013056628985422961"
"647","10.958593593593591","0.0013031522159657216"
"648","11.026580580580578","0.0013006331214060896"
"649","11.094567567567566","0.0012981053183684849"
"650","11.162554554554546","0.0012955685119458236"
"651","11.230541541541534","0.0012930224089806588"
"652","11.298528528528522","0.00129046671822259"
"653","11.366515515515509","0.0012879011504859596"
"654","11.434502502502497","0.0012853254188030603"
"655","11.502489489489484","0.0012827392385756523"
"656","11.570476476476472","0.0012801423277238014"
"657","11.638463463463459","0.001277534406832134"
"658","11.706450450450447","0.001274915199293484"
"659","11.774437437437435","0.0012722844314498663"
"660","11.842424424424422","0.0012696418327307836"
"661","11.91041141141141","0.0012669871357888012"
"662","11.97839839839839","0.0012643200766322444"
"663","12.046385385385378","0.0012616403947559129"
"664","12.114372372372365","0.0012589478332670097"
"665","12.182359359359353","0.0012562421390108804"
"666","12.25034634634634","0.001253523062691924"
"667","12.318333333333328","0.0012507903589924207"
"668","12.386320320320316","0.0012480437866883394"
"669","12.454307307307303","0.0012452831087622382"
"670","12.522294294294291","0.0012425080925132258"
"671","12.590281281281278","0.0012397185096640123"
"672","12.658268268268266","0.0012369141364649812"
"673","12.726255255255253","0.0012340947537953194"
"674","12.794242242242234","0.0012312601472610439"
"675","12.862229229229222","0.0012284101072908254"
"676","12.930216216216209","0.0012255444292269034"
"677","12.998203203203197","0.0012226629134155936"
"678","13.066190190190184","0.0012197653652928765"
"679","13.134177177177172","0.0012168515954677863"
"680","13.202164164164159","0.0012139214198026778"
"681","13.270151151151147","0.0012109746594905261"
"682","13.338138138138135","0.0012080111411292575"
"683","13.406125125125122","0.0012050306967931162"
"684","13.47411211211211","0.0012020331641010764"
"685","13.542099099099097","0.0011990183862823204"
"686","13.610086086086078","0.0011959862122386613"
"687","13.678073073073065","0.0011929364966048034"
"688","13.746060060060053","0.0011898690998038278"
"689","13.81404704704704","0.0011867838881023053"
"690","13.882034034034028","0.0011836807336606779"
"691","13.950021021021016","0.0011805595145815394"
"692","14.018008008008003","0.0011774201149549939"
"693","14.085994994994991","0.0011742624249012077"
"694","14.153981981981978","0.0011710863406102091"
"695","14.221968968968966","0.0011678917643789428"
"696","14.289955955955953","0.0011646786046456171"
"697","14.357942942942941","0.0011614467760213674"
"698","14.425929929929922","0.0011581961993191552"
"699","14.493916916916909","0.0011549268015807745"
"700","14.561903903903897","0.0011516385160994565"
"701","14.629890890890884","0.001148331282442348"
"702","14.697877877877872","0.0011450050464686607"
"703","14.765864864864859","0.0011416597603460695"
"704","14.833851851851847","0.0011382953825645498"
"705","14.901838838838835","0.0011349118779478092"
"706","14.969825825825822","0.0011315092176623681"
"707","15.03781281281281","0.001128087379224302"
"708","15.105799799799797","0.0011246463465037174"
"709","15.173786786786785","0.0011211861097269742"
"710","15.241773773773765","0.0011177066654766005"
"711","15.309760760760753","0.0011142080166897466"
"712","15.37774774774774","0.0011106901726527783"
"713","15.445734734734728","0.0011071531489961247"
"714","15.513721721721716","0.0011035969676853595"
"715","15.581708708708703","0.0011000216570109828"
"716","15.649695695695691","0.0010964272515761621"
"717","15.717682682682678","0.0010928137922825605"
"718","15.785669669669666","0.0010891813263143189"
"719","15.853656656656653","0.0010855299071202259"
"720","15.921643643643641","0.0010818595943941226"
"721","15.989630630630629","0.001078170454053578"
"722","16.057617617617609","0.0010744625582167762"
"723","16.125604604604597","0.0010707359851784336"
"724","16.193591591591584","0.0010669908193824422"
"725","16.261578578578572","0.0010632271513951914"
"726","16.329565565565559","0.0010594450778757037"
"727","16.397552552552547","0.0010556447015449579"
"728","16.465539539539535","0.0010518261311536752"
"729","16.533526526526522","0.0010479894814486956"
"730","16.60151351351351","0.0010441348731380128"
"731","16.669500500500497","0.001040262432854472"
"732","16.737487487487485","0.0010363722931181847"
"733","16.805474474474472","0.001032464592297704"
"734","16.873461461461453","0.0010285394745698569"
"735","16.94144844844844","0.0010245970898790484"
"736","17.009435435435428","0.001020637593893799"
"737","17.077422422422416","0.0010166611479643065"
"738","17.145409409409403","0.0010126679190772996"
"739","17.213396396396391","0.0010086580798104718"
"740","17.281383383383378","0.001004631808285769"
"741","17.349370370370366","0.0010005892881216577"
"742","17.417357357357353","0.00099653070838440173"
"743","17.485344344344341","0.00099245626353837131"
"744","17.553331331331329","0.00098836615339539693"
"745","17.621318318318316","0.00098426058306319759"
"746","17.689305305305297","0.00098013976289278637"
"747","17.757292292292284","0.00097600390842559606"
"748","17.825279279279272","0.00097185324033818637"
"749","17.893266266266259","0.00096768798438812077"
"750","17.961253253253247","0.00096350837135745604"
"751","18.029240240240235","0.00095931463699598359"
"752","18.097227227227222","0.00095510702196353761"
"753","18.16521421421421","0.00095088577177145615"
"754","18.233201201201197","0.00094665113672321474"
"755","18.301188188188185","0.0009424033718542301"
"756","18.369175175175172","0.00093814273687083366"
"757","18.43716216216216","0.00093386949608842082"
"758","18.50514914914914","0.00092958391836867234"
"759","18.573136136136128","0.00092528627705652344"
"760","18.641123123123116","0.00092097684991484607"
"761","18.709110110110103","0.0009166559190602275"
"762","18.777097097097091","0.00091232377089644015"
"763","18.845084084084078","0.00090798069604764386"
"764","18.913071071071066","0.00090362698929061539"
"765","18.981058058058053","0.00089926294948610688"
"766","19.049045045045041","0.00089488887950931069"
"767","19.117032032032029","0.00089050508617941841"
"768","19.185019019019016","0.00088611188018827055"
"769","19.253006006006004","0.00088170957602806406"
"770","19.320992992992984","0.00087729849191802703"
"771","19.388979979979972","0.00087287894973067128"
"772","19.456966966966959","0.00086845127491569666"
"773","19.524953953953947","0.00086401579642471707"
"774","19.592940940940935","0.00085957284663359696"
"775","19.660927927927922","0.00085512276126429579"
"776","19.72891491491491","0.00085066587930556869"
"777","19.796901901901897","0.00084620254293257412"
"778","19.864888888888885","0.00084173309742539577"
"779","19.932875875875872","0.000837257891086435"
"780","20.00086286286286","0.00083277727515666735"
"781","20.06884984984984","0.00082829160373064674"
"782","20.136836836836828","0.00082380123367085088"
"783","20.204823823823816","0.00081930652451952352"
"784","20.272810810810803","0.00081480783841102742"
"785","20.340797797797791","0.00081030553998165573"
"786","20.408784784784778","0.00080579999627870293"
"787","20.476771771771766","0.00080129157666817012"
"788","20.544758758758753","0.00079678065274117087"
"789","20.612745745745741","0.00079226759821903077"
"790","20.680732732732729","0.00078775278885704779"
"791","20.748719719719716","0.00078323660234691516"
"792","20.816706706706704","0.00077871941821778287"
"793","20.884693693693684","0.00077420161773587089"
"794","20.952680680680672","0.00076968358380317817"
"795","21.020667667667659","0.00076516570085359494"
"796","21.088654654654647","0.00076064835474922658"
"797","21.156641641641635","0.00075613193267410153"
"798","21.224628628628622","0.00075161682302694486"
"799","21.29261561561561","0.00074710341531246264"
"800","21.360602602602597","0.00074259210003120785"
"801","21.428589589589585","0.00073808326856802562"
"802","21.496576576576572","0.00073357731307908665"
"803","21.56456356356356","0.00072907462637751487"
"804","21.632550550550548","0.00072457560181760344"
"805","21.700537537537528","0.00072008063317757212"
"806","21.768524524524516","0.00071559011454138451"
"807","21.836511511511503","0.00071110444017807471"
"808","21.904498498498491","0.00070662400442122477"
"809","21.972485485485478","0.00070214920154597414"
"810","22.040472472472466","0.00069768042564517915"
"811","22.108459459459453","0.00069321807050419753"
"812","22.176446446446441","0.00068876252947442014"
"813","22.244433433433429","0.00068431419534556253"
"814","22.312420420420416","0.00067987346021676259"
"815","22.380407407407404","0.00067544071536650835"
"816","22.448394394394391","0.0006710163511214381"
"817","22.516381381381372","0.00066660075672398701"
"818","22.584368368368359","0.00066219432019939896"
"819","22.652355355355347","0.00065779742822070803"
"820","22.720342342342335","0.00065341046597415129"
"821","22.788329329329322","0.00064903381702264976"
"822","22.85631631631631","0.00064466786316885716"
"823","22.924303303303297","0.00064031298431736132"
"824","22.992290290290285","0.00063596955833615661"
"825","23.060277277277272","0.00063163796091745812"
"826","23.12826426426426","0.00062731856543792183"
"827","23.196251251251248","0.00062301174281833736"
"828","23.264238238238235","0.00061871786138287038"
"829","23.332225225225216","0.00061443728671785748"
"830","23.400212212212203","0.00061017038153069001"
"831","23.468199199199191","0.00060591750550750443"
"832","23.536186186186178","0.00060167901517202665"
"833","23.604173173173166","0.00059745526374339203"
"834","23.672160160160153","0.00059324660099438356"
"835","23.740147147147141","0.00058905337310973026"
"836","23.808134134134129","0.00058487592254461622"
"837","23.876121121121116","0.00058071458788350205"
"838","23.944108108108104","0.00057656970369934779"
"839","24.012095095095091","0.00057244160041333746"
"840","24.080082082082079","0.00056833060415521135"
"841","24.148069069069059","0.00056423703662423933"
"842","24.216056056056047","0.00056016121495136041"
"843","24.284043043043035","0.00055610345156135196"
"844","24.352030030030022","0.00055206405403719833"
"845","24.42001701701701","0.00054804332498470637"
"846","24.488004004003997","0.0005440415618987132"
"847","24.555990990990985","0.00054005905703058703"
"848","24.623977977977972","0.00053609609725718832"
"849","24.69196496496496","0.00053215296395140734"
"850","24.759951951951948","0.00052822993285439102"
"851","24.827938938938935","0.00052432727394956832"
"852","24.895925925925923","0.00052044525133859948"
"853","24.963912912912903","0.00051658412311929606"
"854","25.031899899899891","0.00051274414126601655"
"855","25.099886886886878","0.00050892555151151595"
"856","25.167873873873866","0.00050512859323224597"
"857","25.235860860860853","0.00050135349933534278"
"858","25.303847847847841","0.00049760049614854527"
"859","25.371834834834829","0.00049386980331277337"
"860","25.439821821821816","0.00049016163367754731"
"861","25.507808808808804","0.00048647619319934748"
"862","25.575795795795791","0.00048281368084302938"
"863","25.643782782782779","0.00047917428848640698"
"864","25.711769769769766","0.00047555820082811152"
"865","25.779756756756747","0.00047196559529878002"
"866","25.847743743743735","0.00046839664197602463"
"867","25.915730730730722","0.00046485150350226008"
"868","25.98371771771771","0.0004613303350071998"
"869","26.051704704704697","0.00045783328403340844"
"870","26.119691691691685","0.00045436049046603867"
"871","26.187678678678672","0.00045091208646649567"
"872","26.25566566566566","0.00044748819641018446"
"873","26.323652652652648","0.00044408893682841203"
"874","26.391639639639635","0.00044071441635454479"
"875","26.459626626626623","0.0004373647356744977"
"876","26.52761361361361","0.00043403998748163471"
"877","26.595600600600591","0.00043074025643611696"
"878","26.663587587587578","0.00042746561912908131"
"879","26.731574574574566","0.00042421614405077889"
"880","26.799561561561553","0.00042099189156430986"
"881","26.867548548548541","0.00041779291388344651"
"882","26.935535535535529","0.00041461925505554588"
"883","27.003522522522516","0.00041147095094928621"
"884","27.071509509509504","0.00040834802924733183"
"885","27.139496496496491","0.00040525050944396489"
"886","27.207483483483479","0.00040217840284772723"
"887","27.275470470470466","0.00039913171258910968"
"888","27.343457457457454","0.00039611043363332123"
"889","27.411444444444435","0.0003931145527981224"
"890","27.479431431431422","0.00039014404877703822"
"891","27.54741841841841","0.00038719889216710208"
"892","27.615405405405397","0.00038427904550257969"
"893","27.683392392392385","0.00038138446329325296"
"894","27.751379379379372","0.00037851509206811691"
"895","27.81936636636636","0.00037567087042421343"
"896","27.887353353353348","0.00037285172908062497"
"897","27.955340340340335","0.00037005759093762476"
"898","28.023327327327323","0.00036728837114096238"
"899","28.09131431431431","0.0003645439771512649"
"900","28.159301301301291","0.0003618243088184855"
"901","28.227288288288278","0.00035912925846163558"
"902","28.295275275275266","0.00035645871095296651"
"903","28.363262262262253","0.0003538125438078829"
"904","28.431249249249241","0.00035119062727921596"
"905","28.499236236236229","0.00034859282445659728"
"906","28.567223223223216","0.00034601899137060997"
"907","28.635210210210204","0.00034346897710169555"
"908","28.703197197197191","0.00034094262389374467"
"909","28.771184184184179","0.00033843976727229768"
"910","28.839171171171166","0.00033596023616728256"
"911","28.907158158158154","0.00033350385304020067"
"912","28.975145145145135","0.00033107043401564486"
"913","29.043132132132122","0.00032865978901729217"
"914","29.11111911911911","0.00032627172190755483"
"915","29.179106106106097","0.00032390603063199461"
"916","29.247093093093085","0.00032156250736718403"
"917","29.315080080080072","0.00031924093867263201"
"918","29.38306706706706","0.00031694110564641642"
"919","29.451054054054048","0.00031466278408443822"
"920","29.519041041041035","0.00031240574464317723"
"921","29.587028028028023","0.0003101697530058203"
"922","29.65501501501501","0.00030795457005163105"
"923","29.723002002001998","0.00030575995202842979"
"924","29.790988988988978","0.00030358565072801237"
"925","29.858975975975966","0.00030143141366458849"
"926","29.926962962962953","0.00029929698425543161"
"927","29.994949949949941","0.00029718210200469977"
"928","30.062936936936929","0.00029508650268917134"
"929","30.130923923923916","0.00029300991854640566"
"930","30.198910910910904","0.00029095207846495071"
"931","30.266897897897891","0.0002889127081764765"
"932","30.334884884884879","0.00028689153044966743"
"933","30.402871871871866","0.00028488826528571686"
"934","30.470858858858854","0.00028290263011525617"
"935","30.538845845845842","0.00028093433999655792"
"936","30.606832832832822","0.0002789831078148076"
"937","30.67481981981981","0.00027704864448248963"
"938","30.742806806806797","0.00027513065914010041"
"939","30.810793793793785","0.00027322885935803811"
"940","30.878780780780772","0.00027134295133847798"
"941","30.94676776776776","0.00026947264011767641"
"942","31.014754754754748","0.00026761762976832212"
"943","31.082741741741728","0.00026577762360176975"
"944","31.150728728728723","0.00026395232437019707"
"945","31.218715715715703","0.00026214143446772267"
"946","31.286702702702698","0.00026034465613206494"
"947","31.354689689689678","0.00025856169164386092"
"948","31.422676676676673","0.00025679224352675236"
"949","31.490663663663653","0.00025503601474461416"
"950","31.558650650650648","0.00025329270889922102"
"951","31.626637637637629","0.00025156203042474474"
"952","31.694624624624623","0.00024984368478233324"
"953","31.762611611611604","0.00024813737865121493"
"954","31.830598598598584","0.00024644282011948484"
"955","31.898585585585579","0.00024475971887147964"
"956","31.966572572572559","0.00024308778637341721"
"957","32.034559559559554","0.00024142673605712374"
"958","32.102546546546535","0.00023977628349992222"
"959","32.170533533533529","0.00023813614660337154"
"960","32.23852052052051","0.00023650604576753341"
"961","32.306507507507504","0.00023488570406382975"
"962","32.374494494494485","0.00023327484740316682"
"963","32.442481481481479","0.00023167320470235118"
"964","32.51046846846846","0.00023008050804552649"
"965","32.578455455455455","0.00022849649284361752"
"966","32.646442442442435","0.00022692089798856266"
"967","32.714429429429416","0.00022535346600523955"
"968","32.78241641641641","0.00022379394319828983"
"969","32.850403403403391","0.00022224207979540373"
"970","32.918390390390385","0.00022069763008693614"
"971","32.986377377377366","0.00021916035256012864"
"972","33.054364364364361","0.00021763001003043261"
"973","33.122351351351341","0.0002161063697669345"
"974","33.190338338338336","0.00021458920361472635"
"975","33.258325325325316","0.00021307828811121938"
"976","33.326312312312311","0.00021157340459922189"
"977","33.394299299299291","0.00021007433933382534"
"978","33.462286286286272","0.00020858088358584177"
"979","33.530273273273266","0.00020709283373924212"
"980","33.598260260260247","0.00020560999138409227"
"981","33.666247247247242","0.00020413216340490472"
"982","33.734234234234222","0.00020265916206286522"
"983","33.802221221221217","0.00020119080507428503"
"984","33.870208208208197","0.00019972691568255585"
"985","33.938195195195192","0.00019826732272628603"
"986","34.006182182182172","0.00019681186070089727"
"987","34.074169169169167","0.0001953603698163321"
"988","34.142156156156148","0.00019391269604820336"
"989","34.210143143143142","0.0001924686911850058"
"990","34.278130130130123","0.00019102821286877202"
"991","34.346117117117103","0.00018959112463172318"
"992","34.414104104104098","0.00018815729592666373"
"993","34.482091091091078","0.00018672660215254109"
"994","34.550078078078073","0.00018529892467516302"
"995","34.618065065065053","0.00018387415084173439"
"996","34.686052052052048","0.00018245217399141711"
"997","34.754039039039029","0.00018103289345950408"
"998","34.822026026026023","0.00017961621457770249"
"999","34.890013013013004","0.00017820204866812649"
"1000","34.957999999999998","0.00017679031303346627"
